{
  "identificador": [
    "default"
  ],
  "title": "Conteúdo Padrão",
  "list": [
    {
      "title": "Embalagem",
      "content": "Caixa para Proteção, Estojo de Couro Ecológico, Flanela de limpeza das lentes em microfibra"
    },
    {
      "title": "Envio e Devolução",
      "content": "Envio de 1 a 3 dias, frete grátis em todas as encomendas acima de R$199. Se você recebeu um produto e não ficou satisfeito, ele não serviu ou se arrependeu da compra, é possível fazer a solicitação de devolução para estorno em até 7 (sete) dias corridos após o recebimento. Consulte nossa página de Devoluções para obter detalhes completos. [Saiba mais aqui.](/pages/termos-e-condicoes)"
    },
    {
      "title": "Garantia",
      "content": "Nossos óculos de sol são garantidos contra defeitos de fabricação por 12 meses a partir da data de compra. A cobertura é apenas com comprovante de compra. A garantia não cobre danos causados por desgaste geral, abuso ou mau manuseio. [Saiba mais aqui.](/pages/politica-de-garantia)"
    }
  ]
}