{
  "assetsByChunkName": {
    "vendors~app-account~app-checkout~app-confirmation~app-order": "chunk.a0ee2a717c576b778826.js",
    "vendors~app-account~app-confirmation~app-order": "chunk.9644089d39b79849c453.js",
    "vendors~app-account~app-checkout": "chunk.23ed5ba5712aa68c0f88.js",
    "vendors~app-cart~app-checkout": "chunk.1bb14c0637be246e80ac.js",
    "admin": [
      "admin.2669fbae57921f224da6.js",
      "admin.2669fbae57921f224da6.js.map"
    ],
    "app-account": "chunk.3fceb2e314634a8d5855.js",
    "app-cart": "chunk.f54ca152d3c900211aca.js",
    "app-checkout": "chunk.914cbed7fed6ed07cfd1.js",
    "app-confirmation": "chunk.a844c32672aa5efba2ec.js",
    "app-order": "chunk.8b5230409660e769df3c.js",
    "checkout": [
      "checkout.9cb61f1505e93804cefd.js",
      "checkout.9cb61f1505e93804cefd.js.map"
    ],
    "storefront": [
      "storefront.3ca33115e0fb9ae9413c.css",
      "storefront.90b76539dec3e624f4f0.js",
      "storefront.3ca33115e0fb9ae9413c.css.map",
      "storefront.90b76539dec3e624f4f0.js.map"
    ],
    "vendors~app-cart": "chunk.ed24a415eba7031a2c9b.js"
  }
}