{
  "customizations": [
    
  ],
  "upselling": [
    {
      "upselling_skus": [
        "LIA9293",
        "LBS0005"
      ],
      "customizations": [
        {
          "multi_option": true,
          "title": "gravacao",
          "list": [
            {
              "input_type_required": false,
              "title": "Cartão Presente",
              "description": "Cartão presente que vai junto da embalagem",
              "type": "Fixo",
              "value": 5,
              "input_type": "text",
              "input_type_max": 255,
              "img": "/img/uploads/rectangle-37-2-.png"
            },
            {
              "input_type_required": false,
              "title": "Texto na Tampa",
              "description": "texto na tampa da caixa",
              "img": "/img/uploads/rectangle-37-2-.png",
              "input_type": "text",
              "input_type_max": 255,
              "type": "Fixo",
              "value": 0
            }
          ],
          "step_title": "Gravação",
          "step_description": "Para deixar ainda mais personalizado adicione uma gravação em seu porta óculos. Pode ser uma frase, nome..."
        }
      ],
      "step_title": "Escolha o Estojo",
      "step_description": "Selecione uma opção de estojo para acompanhar seu óculos"
    }
  ],
  "title": "DEFAULT_BKP",
  "identificador": [
    "______"
  ]
}