{
  "customizations": [
    {
      "multi_option": false,
      "list": [
        {
          "input_type_required": false,
          "title": "Sem correção",
          "description": "Somente armação.",
          "img": "/img/uploads/nenhuma.svg",
          "type": null
        },
        {
          "input_type_required": false,
          "title": "Visão Simples",
          "img": "/img/uploads/visao-simples.svg",
          "description": "Lentes para corrigir a visão de longe ou perto — ideais para o dia a dia, leitura ou direção",
          "type": "Fixo",
          "value": null,
          "input_type": "Não"
        },
        {
          "input_type_required": false,
          "title": "Multifocal",
          "img": "/img/uploads/multifocal.svg",
          "description": "Lentes para quem precisa enxergar bem de perto e de longe sem trocar de óculos. Conforto, fluidez visual e sofisticação em um só olhar.",
          "type": "Fixo",
          "value": null
        }        
      ],
      "title": "Necessidade de Visão",
      "step_title": "Selecione sua necessidade de visão",
      "step_description": "No passo abaixo você deve escolher se tem algum problema de visão. Dessa forma podemos indicar a lente correta para o seu caso.",
      "title_id": "necessidade_de_visao",
      "upload": {
        "enable": false
      }
    },
    {
      "upload": {
        "enable": false
      },
      "conditions": [
        {
          "condition": {
            "condition_grid": "necessidade_de_visao",
            "condition_type": "=",
            "condition_value": "Visão Simples"
          }
        }
      ],
      "title_id": "tipo_de_lente",
      "title": "Tipo da Lente",
      "list": [
        {
          "input_type_required": false,
          "title": "Uso Diário (miopia, hipermetropia ou astigmatismo)",
          "img": "/img/uploads/antirreflexo.svg",
          "description": "Lentes com antirreflexo, ideais para quem precisa corrigir a visão de longe ou perto com conforto.<br>Recomendadas para grau leve até ±4.00. Leves, discretas e prontas para o dia a dia.",
          "type": "Fixo",
          "value": 80
        },
        {
          "input_type_required": false,
          "title": "Proteção para Telas (Digital Blue)",
          "img": "/img/uploads/luz-azul.svg",
          "description": "Lentes com filtro de luz azul e antirreflexo, ideais para quem passa longas horas no digital.<br>Reduzem o cansaço visual, protegem contra a luz artificial e são indicadas para grau leve até ±4.00.",
          "type": "Fixo",
          "value": 98
        },
        {
          "input_type_required": false,
          "title": "Fotossensível",
          "img": "/img/uploads/fotosenssivel.svg",
          "description": "Lentes que escurecem automaticamente no sol e clareiam em ambientes internos, com proteção contra raios UV.<br>Perfeitas para quem busca praticidade, proteção e estilo em todas as condições de luz.<br>Recomendadas para miopia, hipermetropia ou astigmatismo com grau até ±4.00.",
          "type": "Fixo",
          "value": 179
        },
        {
          "input_type_required": false,
          "title": "Solar com Grau",
          "img": "/img/uploads/solar-com-grau.svg",
          "description": "Lentes solares com proteção UV e correção visual, ideais para dias ensolarados.<br>Combinam conforto, nitidez e elegância sob o sol — com a assinatura Les Bains.<br>Recomendadas para miopia, hipermetropia ou astigmatismo com grau até ±4.00.",
          "type": "Fixo",
          "value": 188
        }
      ]
    },
    {
      "upload": {
        "enable": false
      },
      "conditions": [
        {
          "condition": {
            "condition_grid": "necessidade_de_visao",
            "condition_type": "=",
            "condition_value": "Multifocal"
          }
        }
      ],
      "title_id": "tipo_de_lente",
      "title": "Tipo da Lente",
      "list": [
        {
          "input_type_required": false,
          "title": "Multifocal Básico",
          "img": "/img/uploads/antirreflexo.svg",
          "description": "Lentes com antirreflexo e transição suave entre perto, longe e distâncias intermediárias — ideais para quem deseja praticidade no dia a dia sem trocar de óculos.<br>Recomendadas para miopia ou hipermetropia até ±6.00 e adição entre +1.00 e +3.50.",
          "type": "Fixo",
          "value": 359
        },
        {
          "input_type_required": false,
          "title": "Multifocal com Proteção (Digital Blue)",
          "img": "/img/uploads/luz-azul.svg",
          "description": "Lentes multifocais com filtro de luz azul, antirreflexo e proteção UV — perfeitas para quem precisa enxergar em todas as distâncias e passa horas em frente a telas.<br>Recomendadas para miopia ou hipermetropia até ±6.00 e adição entre +1.00 e +3.50.",
          "type": "Fixo",
          "value": 449
        },
        {
          "input_type_required": false,
          "title": "Multifocal Fotossensível",
          "img": "/img/uploads/fotosenssivel.svg",
          "description": "Lentes multifocais que escurecem automaticamente no sol e clareiam em ambientes internos, com proteção UV.<br>Oferecem transições suaves entre perto e longe, com praticidade para rotinas com variação de luz.<br>Recomendadas para miopia ou hipermetropia até ±6.00 e adição entre +1.00 e +3.50.",
          "type": "Fixo",
          "value": 530
        },
        {
          "input_type_required": false,
          "title": "Multifocal Alta Performance",
          "img": "/img/uploads/performance.svg",
          "description": "Lentes multifocais mais finas, com antirreflexo premium, filtro de luz azul, proteção UV e transições suaves entre todas as distâncias.<br>Perfeitas para quem busca o máximo em conforto visual, proteção contra luz artificial e sofisticação em cada detalhe.<br>Recomendadas para miopia ou hipermetropia até ±10.00 e adição entre +1.00 e +3.50.",
          "type": "Fixo",
          "value": 890
        }
      ]
    },
    {
      "upload": {
        "enable": true,
        "title": "Envie aqui sua receita médica!",
        "description": "Tire ou selecione uma foto da sua receita médica, lembrando de deixar visível o CRM do médico e a data do exame.",
        "button_text": "Clique aqui para enviar",
        "img": "/img/uploads/icon_receita_medica.png",
        "description_after": "Se quiser enviar depois, não se preocupe, você receberá as instruções por e-mail após finalizar o pedido. Envie sua receita para receita@lesbains.com.br"
      },
      "title_id": "receita_medica",
      "title": "Receita Médica",
      "step_description": "Faça o envio de sua receita",
      "conditions": [
        {
          "condition": {
            "condition_grid": "necessidade_de_visao",
            "condition_type": "!=",
            "condition_value": "Nenhuma"
          }
        }
      ]
    }
  ],
  "upselling": [],
  "title": "DEFAULT",
  "identificador": [
    "cat_655fc6152cd6b65959b759f3"
  ]
}