{
  "customizations": [
    {
      "upload": {
        "enable": false
      },
      "title": "Personalize seu Óculos",
      "step_description": "Adicione textos e símbolos nas abas internas e externas do seu óculos.",
      "title_id": "personalizavel",
      "conditions": [
        
      ],
      "list": [            
        {
          "input_type_required": false,
          "title": "Sim, quero personalizar",
          "description": "Quero personalizar meu óculos",
          "type": null
        },
        {
          "input_type_required": false,
          "title": "Não, obrigado!",
          "description": "Quero somente a armação",      
          "type": null   
        }
      ]
    },
    {
      "upload": {
        "enable": false
      },
      "title": "Ponteira Direita Interna",
      "step_description": "Adicione textos e símbolos nas abas internas e externas do seu óculos.",
      "title_id": "ponteira_direita_interna",
      "conditions": [
        {
          "condition": {
            "condition_grid": "personalizavel",
            "condition_type": "=",
            "condition_value": "Sim, quero personalizar"
          }
        }
      ],
      "list": [            
        {
          "input_type_required": false,
          "title": "PDI - Gravação",
          "description": "Até 10 caracteres - Pode ser um símbolo",
          "img": "",
          "input_type": "text",
          "input_type_max": 10,
          "type": "Fixo",
          "value": 0
        }
      ]
    },
    {
      "upload": {
        "enable": false
      },
      "title": "Ponteira Direita Externa",
      "step_description": "Adicione textos e símbolos nas abas internas e externas do seu óculos.",
      "title_id": "ponteira_direita_externa",
      "conditions": [
        {
          "condition": {
            "condition_grid": "personalizavel",
            "condition_type": "=",
            "condition_value": "Sim, quero personalizar"
          }
        }
      ],
      "list": [            
        {
          "input_type_required": false,
          "title": "PDE - Gravação",
          "description": "Até 10 caracteres - Pode ser um símbolo",
          "img": "",
          "input_type": "text",
          "input_type_max": 10,
          "type": "Fixo",
          "value": 0
        }
      ]
    },
    {
      "upload": {
        "enable": false
      },
      "title": "Ponteira Esquerda Interna",
      "step_description": "Adicione textos e símbolos nas abas internas e externas do seu óculos.",
      "title_id": "ponteira_esquerda_interna",
      "conditions": [
        {
          "condition": {
            "condition_grid": "personalizavel",
            "condition_type": "=",
            "condition_value": "Sim, quero personalizar"
          }
        }
      ],
      "list": [            
        
        {
          "input_type_required": false,
          "title": "PEI - Gravação",
          "description": "Até 10 caracteres - Pode ser um símbolo",
          "img": "",
          "input_type": "text",
          "input_type_max": 10,
          "type": "Fixo",
          "value": 0
        }
      ]
    },
    {
      "upload": {
        "enable": false
      },
      "title": "Ponteira Esquerda Externa",
      "step_description": "Adicione textos e símbolos nas abas internas e externas do seu óculos.",
      "title_id": "ponteira_esquerda_externa",
      "conditions": [
        {
          "condition": {
            "condition_grid": "personalizavel",
            "condition_type": "=",
            "condition_value": "Sim, quero personalizar"
          }
        }
      ],
      "list": [            
        
        {
          "input_type_required": false,
          "title": "PEE - Gravação",
          "description": "Até 10 caracteres - Pode ser um símbolo",
          "img": "",
          "input_type": "text",
          "input_type_max": 10,
          "type": "Fixo",
          "value": 0
        }
      ]
    }
  ],
  "upselling": [
    {
      "upselling_skus": [
        "EST01"
      ],
      "customizations": [
        {
          "multi_option": true,
          "title": "Gravação do Estojo",
          "title_id":"gravacao",
          "list": [
            {
              "input_type_required": false,
              "title": "Texto na Tampa",
              "title_id": "Texto na Tampa",
              "description": "texto na tampa da caixa",
              "img": "/img/uploads/rectangle-37-2-.png",
              "input_type": "text",
              "input_type_max": 10,
              "type": "Fixo",
              "value": 0
            }
          ],
          "step_title": "Gravação",
          "step_description": "Para deixar ainda mais personalizado adicione uma gravação em seu porta óculos. Máximo de 10 caracteres"
        }
      ],
      "step_title": "Escolha o Estojo",
      "step_description": "Selecione uma opção de estojo para acompanhar seu óculos"
    }    
  ],
  "title": "DEFAULT_BKP",
  "identificador": [
    "___BKP___"
  ]
}