{
  "customizations": [
    {
      "upload": {
        "enable": false
      },
      "list": [
        {
          "input_type_required": false,
          "title": "Monofocal",
          "description": "Uma lente corrige a visão para longe ou perto. Lentes visão simples.",
          "type": "Fixo",
          "value": 80
        },
        {
          "input_type_required": false,
          "title": "Progressiva",
          "description": "Uma lente que, ao mesmo tempo, corrige a visão de longe mais adição para perto. Sem ter que mudar de óculos. Indicadas para presbiopia.",
          "type": "Fixo",
          "value": 90
        },
        {
          "input_type_required": false,
          "title": "Somente armação",
          "description": "Sem lentes ou tratamentos especiais",
          "type": "Fixo",
          "value": 0
        }
      ],
      "title_id": "necessidade_de_visao",
      "title": "Necessidade de Visão",
      "step_description": "Cada lente corretiva é realizada utilizando a mais avançada tecnologia e gravada com a icônica assinatura Ray-Ban. Com base na sua receita, escolha sua lente entre as opções abaixo"
    },
    {
      "upload": {
        "enable": false
      },
      "title_id": "tipo_de_lente",
      "title": "Escolha seu tipo de lente",
      "step_description": "Cada lente é realizada utilizando a mais avançada tecnologia e gravada com a icônica assinatura Ray-Ban. Escolha em função de suas atividades e estilo de vida diários.",
      "list": [
        {
          "input_type_required": false,
          "title": "Antireflexo",
          "description": "Tradicionais lentes transparentes completas de proteção UV, tratamento antirreflexo premium e contra arranhões, perfeitas para uso no dia a dia.",
          "type": "Fixo",
          "value": 49
        },
        {
          "input_type_required": false,
          "title": "Filtro de luz azul",
          "description": "Filtra a luz azul proveniente de telas e raios de sol.",
          "type": "Fixo",
          "value": 202
        },
        {
          "input_type_required": false,
          "title": "Transitions®",
          "description": "Totalmente transparentes em ambientes internos e escuras ao ar livre, assim você terá óculos de sol e óculos e de grau em um só par. ",
          "type": "Fixo",
          "value": 1000
        }
      ]
    },
    {
      "upload": {
        "enable": false
      },
      "title_id": "propriedade_da_lente",
      "title": "Propriedade da Lente (AR)",
      "conditions": {
        "condition_grid": "propriedade_da_lente",
        "condition_type": "=",
        "condition_value": "Antireflexo"
      },
      "list": [
        {
          "input_type_required": false,
          "title": "Comfort"
        },
        {
          "input_type_required": false,
          "title": "Comfort (Fina)",
          "type": "Fixo",
          "value": 10
        },
        {
          "input_type_required": false,
          "title": "Premium",
          "type": "Fixo",
          "value": 20
        },
        {
          "input_type_required": false,
          "title": "Premium (Fina)",
          "type": "Fixo",
          "value": 18
        }
      ]
    },
    {
      "upload": {
        "enable": false
      },
      "title_id": "tratamento_da_lente",
      "title": "Tratamento da Lente (AR)",
      "conditions": {
        "condition_grid": "tipo_de_lente",
        "condition_type": "=",
        "condition_value": "Antireflexo"
      },
      "list": [
        {
          "input_type_required": false,
          "title": "Antireflexo"
        },
        {
          "input_type_required": false,
          "title": "Antireflexo + Antirisco",
          "type": "Fixo",
          "value": 16
        }
      ]
    },
    {
      "upload": {
        "enable": true,
        "title": "Envie aqui sua receita médica!",
        "description": "Tire ou selecione uma foto da sua receita médica, lembrando de deixar visível o CRM do médico e a data do exame.",
        "button_text": "Clique aqui para enviar",
        "img": "/img/uploads/icon_receita_medica.png",
        "description_after": "Se quiser enviar depois, não se preocupe, você receberá as instruções por e-mail após finalizar o pedido. Envie sua receita para receita@lesbains.com.br"
      },
      "title_id": "receita_medica",
      "title": "Receita Médica",
      "step_description": "Faça o envio de sua receita",
      "conditions": {
        "condition_grid": "necessidade_de_visao",
        "condition_type": "!=",
        "condition_value": "Convencional"
      }
    }
  ],
  "upselling": [],
  "identificador": [
    
  ],
  "title": "TESTE"
}