{
  "background": "#ffffff",
  "color": "#000000",
  "topbar_1": {
    "color": "#fff",
    "background": "#611f31",
    "list": [
      {
        "title": "Compre óculos de grau online e receba em casa!",
        "url": "/oculos-de-grau"
      },
      {
        "title": "Pague em até 5x sem juros",
        "url": "/oculos-de-sol"
      },
      {
        "title": "Óculos com 12 meses de garantia!",
        "url": "https://www.lesbains.com.br/pages/politica-de-garantia"
      },
      {
        "title": "Frete Grátis acima de R$199",
        "url": "https://www.lesbains.com.br/pages/entrega"
      }
    ]
  },
  "links": [
    {
      "title": "Novidades",
      "url": "/novidades",
      "list": [
        {
          "item": {
            "title": "Explorar",
            "list": [
              {
                "item": {
                  "title": "Óculos de Sol",
                  "url": "/oculos-de-sol?filters={'novidades':[{'text':'Sim'}]}"
                }
              },
              {
                "item": {
                  "title": " Óculos de Grau",
                  "url": "/oculos-de-grau?filters={'novidades':[{'text':'Sim'}]}"
                }
              }
            ],
            "url": "/",
            "image": ""
          }
        },
        {
          "item": {
            "title": "Formatos",
            "list": [
              {
                "item": {
                  "title": "Redondo",
                  "url": "/search?filters={'novidades':[{'text':'Sim'}],'shape':[{'text':'Redondo'}]}"
                }
              },
              {
                "item": {
                  "title": "Quadrado",
                  "url": "/search?filters={'novidades':[{'text':'Sim'}],'shape':[{'text':'Quadrado'}]}"
                }
              },
              {
                "item": {
                  "title": "Gatinho",
                  "url": "/search?filters={'novidades':[{'text':'Sim'}],'shape':[{'text':'Gatinho'}]}"
                }
              },
              {
                "item": {
                  "title": "Aviador",
                  "url": "/search?filters={'novidades':[{'text':'Sim'}],'shape':[{'text':'Aviador'}]}"
                }
              },
              {
                "item": {
                  "title": "Retangular",
                  "url": "/search?filters={'novidades':[{'text':'Sim'}],'shape':[{'text':'Retangular'}]}"
                }
              },
              {
                "item": {
                  "title": "Esportivo",
                  "url": "/search?filters={'novidades':[{'text':'Sim'}],'shape':[{'text':'Esportivo'}]}"
                }
              },
              {
                "item": {
                  "title": "Hexagonal",
                  "url": "/search?filters={'novidades':[{'text':'Sim'}],'shape':[{'text':'Hexagonal'}]}"
                }
              },
              {
                "item": {
                  "title": "Máscara",
                  "url": "/search?filters={'novidades':[{'text':'Sim'}],'shape':[{'text':'Máscara'}]}"
                }
              }
            ],
            "url": "/novidades",
            "image": "/img/uploads/mini-banner-novidades-menu-principal-01.jpg"
          }
        }
      ],
      "path": "/novidades"
    },
    {
      "title": "Óculos de Sol",
      "url": "/oculos-de-sol",
      "list": [
        {
          "item": {
            "title": "Comprar",
            "list": [
              {
                "item": {
                  "title": "Feminino",
                  "url": "/oculos-de-sol?filters={'gender':[{'text':'Feminino'},{'text':'Feminino e Masculino'}]}"
                }
              },
              {
                "item": {
                  "title": "Masculino",
                  "url": "/oculos-de-sol?filters={'gender':[{'text':'Masculino'},{'text':'Feminino e Masculino'}]}"
                }
              },
              {
                "item": {
                  "title": "Infantil",
                  "url": "/oculos-de-sol?filters={'gender':[{'text':'Infantil'}]}"
                }
              },
              {
                "item": {
                  "title": "Acessórios",
                  "url": "/acessorios"
                }
              }
            ],
            "url": "/oculos-de-sol"
          }
        },
        {
          "item": {
            "title": "Explorar",
            "list": [
              {
                "item": {
                  "title": "Óculos de Sol",
                  "url": "/oculos-de-sol"
                }
              },
              {
                "item": {
                  "title": "Novidades",
                  "url": "/oculos-de-sol?filters={'novidades':[{'text':'Sim'}]}"
                }
              },
              {
                "item": {
                  "title": "Coleção Couchervel",
                  "url": "https://www.lesbains.com.br//colecao-couchervel",
                  "path": "/the-london-edition"
                }
              },
              {
                "item": {
                  "title": "Coleção Luxe",
                  "url": "https://www.lesbains.com.br/colecao-luxury",
                  "path": "/colecao-luxe"
                }
              },
              {
                "item": {
                  "title": "Coleção Petit",
                  "url": "https://www.lesbains.com.br/colecao-petit",
                  "path": "/colecao-petit"
                }
              },
              {
                "item": {
                  "title": "Dia dos Pais",
                  "url": "/dia-dos-pais",
                  "path": "/dia-dos-pais"
                }
              }
            ],
            "url": "/oculos-de-sol"
          }
        },
        {
          "item": {
            "title": "Formatos",
            "list": [
              {
                "item": {
                  "title": "Redondo",
                  "url": "/oculos-de-sol?filters={'shape':[{'text':'Redondo'}]}",
                  "path": "/oculos-de-sol/redondo"
                }
              },
              {
                "item": {
                  "title": "Quadrado",
                  "url": "/oculos-de-sol?filters={'shape':[{'text':'Quadrado'}]}"
                }
              },
              {
                "item": {
                  "title": "Gatinho",
                  "url": "/oculos-de-sol?filters={'shape':[{'text':'Gatinho'}]}"
                }
              },
              {
                "item": {
                  "title": "Aviador",
                  "url": "/oculos-de-sol?filters={'shape':[{'text':'Aviador'}]}"
                }
              },
              {
                "item": {
                  "title": "Retangular",
                  "url": "/oculos-de-sol?filters={'shape':[{'text':'Retangular'}]}"
                }
              },
              {
                "item": {
                  "title": "Esportivo",
                  "url": "/oculos-de-sol?filters={'shape':[{'text':'Esportivo'}]}"
                }
              },
              {
                "item": {
                  "title": "Hexagonal",
                  "url": "/oculos-de-sol?filters={'shape':[{'text':'Hexagonal'}]}"
                }
              },
              {
                "item": {
                  "title": "Máscara",
                  "url": "/oculos-de-sol?filters={'shape':[{'text':'Máscara'}]}"
                }
              }
            ],
            "url": "/oculos-de-sol"
          }
        },
        {
          "item": {
            "title": "Tipo de Lente",
            "list": [
              {
                "item": {
                  "title": "Polarizada",
                  "url": "/oculos-de-sol?filters={'tratamento_da_lente':[{'text':'Polarizado'},{'text':'UVA400 e Polarizado'}]}"
                }
              },
              {
                "item": {
                  "title": "UVA/UVB 400",
                  "url": "/oculos-de-sol?filters={'tratamento_da_lente':[{'text':'UVA400'},{'text':'UVA400 e Polarizado'}]}"
                }
              },
              {
                "item": {
                  "title": "Fotossensível [SF]",
                  "url": "/oculos-de-sol?filters={'tipo_de_lente':[{'text':'Fotossensível'}]}"
                }
              },
              {
                "item": {
                  "title": "Solar com Grau",
                  "url": "/oculos-de-sol?filters={'receita':[{'text':'Sim'}]}"
                }
              },
              {
                "item": {
                  "title": "Veja todos os tipos",
                  "url": "/oculos-de-sol"
                }
              }
            ],
            "url": "/oculos-de-sol",
            "image": "/img/uploads/mini-banner-sol-menu-principal-01.jpg"
          }
        }
      ],
      "path": "/oculos-de-sol"
    },
    {
      "title": "Óculos de Grau",
      "url": "/oculos-de-grau",
      "list": [
        {
          "item": {
            "title": "Comprar",
            "list": [
              {
                "item": {
                  "title": "Feminino",
                  "url": "/oculos-de-grau?filters={'gender':[{'text':'Feminino'},{'text':'Feminino e Masculino'}]}"
                }
              },
              {
                "item": {
                  "title": "Masculino",
                  "url": "/oculos-de-grau?filters={'gender':[{'text':'Masculino'},{'text':'Feminino e Masculino'}]}"
                }
              },
              {
                "item": {
                  "title": "Infantil",
                  "url": "/oculos-de-grau?filters={'gender':[{'text':'Infantil'}]}"
                }
              },
              {
                "item": {
                  "title": "Acessórios",
                  "url": "/acessorios"
                }
              }
            ],
            "url": "/oculos-de-grau"
          }
        },
        {
          "item": {
            "title": "Explorar",
            "list": [
              {
                "item": {
                  "title": "Óculos de Grau",
                  "url": "/oculos-de-grau"
                }
              },
              {
                "item": {
                  "title": "Novidades",
                  "url": "/oculos-de-grau?filters={'novidades':[{'text':'Sim'}]}"
                }
              }
            ],
            "url": "/"
          }
        },
        {
          "item": {
            "title": "Formatos",
            "list": [
              {
                "item": {
                  "title": "Redondo",
                  "url": "/oculos-de-grau?filters={'shape':[{'text':'Redondo'}]}"
                }
              },
              {
                "item": {
                  "title": "Quadrado",
                  "url": "/oculos-de-grau?filters={'shape':[{'text':'Quadrado'}]}"
                }
              },
              {
                "item": {
                  "title": "Gatinho",
                  "url": "/oculos-de-grau?filters={'shape':[{'text':'Gatinho'}]}"
                }
              },
              {
                "item": {
                  "title": "Aviador",
                  "url": "/oculos-de-grau?filters={'shape':[{'text':'Aviador'}]}"
                }
              },
              {
                "item": {
                  "title": "Retangular",
                  "url": "/oculos-de-grau?filters={'shape':[{'text':'Retangular'}]}"
                }
              },
              {
                "item": {
                  "title": "Esportivo",
                  "url": "/oculos-de-grau?filters={'shape':[{'text':'Esportivo'}]}"
                }
              },
              {
                "item": {
                  "title": "Hexagonal",
                  "url": "/oculos-de-grau?filters={'shape':[{'text':'Hexagonal'}]}"
                }
              },
              {
                "item": {
                  "title": "Máscara",
                  "url": "/oculos-de-grau?filters={'shape':[{'text':'Máscara'}]}"
                }
              }
            ],
            "url": "/"
          }
        },
        {
          "item": {
            "title": "Tipo de Lente",
            "list": [
              {
                "item": {
                  "title": "Antirreflexo",
                  "url": "/oculos-de-grau?utm_source=menu_antireflexo"
                }
              },
              {
                "item": {
                  "title": "Luz Azul",
                  "url": "/oculos-de-grau?utm_source=menu_luzazul"
                }
              },
              {
                "item": {
                  "title": "Multifocal",
                  "url": "/oculos-de-grau?utm_source=menu_multifocal"
                }
              },
              {
                "item": {
                  "title": "Veja todos os tipos",
                  "url": "/oculos-de-grau?utm_source=menu_todos"
                }
              }
            ],
            "url": "/oculos-de-grau",
            "image": "/img/uploads/mini-banner-grau-menu-principal-01.jpg"
          }
        }
      ]
    },
    {
      "title": "Lentes de Grau",
      "url": "lentes-de-grau",
      "list": [
        {
          "item": {
            "title": "Comprar",
            "list": [
              {
                "item": {
                  "title": "Antirreflexo",
                  "url": "lentes-de-grau/antirreflexo"
                }
              },
              {
                "item": {
                  "title": "Filtro de Luz Azul",
                  "url": " lentes-de-grau/filtro-azul"
                }
              },
              {
                "item": {
                  "title": "Multifocal",
                  "url": " lentes-de-grau/multifocal"
                }
              },
              {
                "item": {
                  "title": "Fotossensível",
                  "url": "lentes-de-grau/fotossensivel"
                }
              },
              {
                "item": {
                  "title": " Lente de Sol com Grau",
                  "url": "lentes-de-grau/lente-de-sol-com-grau"
                }
              }
            ],
            "url": "lentes-de-grau",
            "image": "/img/uploads/minibanner-lentes-com-grau-01-01.jpg"
          }
        }
      ]
    },
    {
      "title": "Condições Especiais",
      "url": "/condicoes-especiais",
      "list": [
        {
          "item": {
            "title": "Comprar",
            "url": "/condicoes-especiais",
            "image": "",
            "list": [
              {
                "item": {
                  "title": "Feminino",
                  "url": "/condicoes-especiais?filters={'gender':[{'text':'Feminino'},{'text':'Feminino e Masculino'}]}"
                }
              },
              {
                "item": {
                  "title": "Masculino",
                  "url": "/condicoes-especiais?filters={'gender':[{'text':'Masculino'},{'text':'Feminino e Masculino'}]}"
                }
              },
              {
                "item": {
                  "title": "Infantil",
                  "url": "/condicoes-especiais?filters={'gender':[{'text':'Infantil'}]}"
                }
              }
            ]
          }
        },
        {
          "item": {
            "title": "Formatos",
            "url": "/condicoes-especiais",
            "list": [
              {
                "item": {
                  "title": "Redondo",
                  "url": "/condicoes-especiais?filters={'shape':[{'text':'Redondo'}]}"
                }
              },
              {
                "item": {
                  "title": "Quadrado",
                  "url": "/condicoes-especiais?filters={'shape':[{'text':'Quadrado'}]}"
                }
              },
              {
                "item": {
                  "title": "Gatinho",
                  "url": "/condicoes-especiais?filters={'shape':[{'text':'Gatinho'}]}"
                }
              },
              {
                "item": {
                  "title": "Aviador",
                  "url": "/condicoes-especiais?filters={'shape':[{'text':'Aviador'}]}"
                }
              },
              {
                "item": {
                  "title": "Retangular",
                  "url": "/condicoes-especiais?filters={'shape':[{'text':'Retangular'}]}"
                }
              },
              {
                "item": {
                  "title": "Esportivo",
                  "url": "/condicoes-especiais?filters={'shape':[{'text':'Esportivo'}]}"
                }
              },
              {
                "item": {
                  "title": "Hexagonal",
                  "url": "/condicoes-especiais?filters={'shape':[{'text':'Hexagonal'}]}"
                }
              }
            ],
            "image": "/img/uploads/mini-banner-condicoes-especiais-menu-principal-01.jpg"
          }
        }
      ],
      "path": "/condicoes-especiais"
    },
    {
      "title": "Relógios",
      "url": "/relogios",
      "list": [
        {
          "item": {
            "title": "Comprar",
            "list": [
              {
                "item": {
                  "title": "Feminino",
                  "url": "/relogios?filters={'gender':[{'text':'Feminino'},{'text':'Feminino e Masculino'}]}"
                }
              },
              {
                "item": {
                  "title": "Masculino",
                  "url": "/relogios?filters={'gender':[{'text':'Masculino'},{'text':'Feminino e Masculino'}]}"
                }
              }
            ],
            "url": "/relogios",
            "image": "/img/uploads/mini-banner-relogios-menu-principal-01.jpg"
          }
        }
      ]
    },
    {
      "title": "Acessórios",
      "url": "/acessorios",
      "list": [
        {
          "item": {
            "title": "Explorar",
            "url": "/acessorios",
            "list": [
              {
                "item": {
                  "title": "Mini Ecobag",
                  "url": "/acessorios/mini-ecobag"
                }
              },
              {
                "item": {
                  "title": "Cordinha para óculos",
                  "url": "/cordinha-les-bains"
                }
              },
              {
                "item": {
                  "title": "Porta Cartão",
                  "url": "/novo-produto"
                }
              },
              {
                "item": {
                  "title": "Estojo para óculos",
                  "url": "/estojo-marrom"
                }
              },
              {
                "item": {
                  "title": "Necessaire",
                  "url": "/necessaire-les-bains"
                }
              }
            ],
            "image": "/img/uploads/mini-banner-acessorios-menu-principal-01.jpg"
          }
        }
      ]
    }
  ],
  "topbar_2": {
    "color": "#ffffff",
    "background": "#000000",
    "list": [
      {
        "title": "Entrega rápida na cidade de São Paulo",
        "url": "/pages/entrega"
      },
      {
        "title": "Garantia de 12 meses.",
        "url": "/pages/politica-de-garantia"
      },
      {
        "title": "Frete Grátis acima de R$199",
        "url": "https://www.lesbains.com.br/pages/entrega"
      },
      {
        "title": "Cupom de primeira compra: BEMVINDO15",
        "url": "https://www.lesbains.com.br/"
      }
    ]
  }
}