{
  "links": [
    {
      "title": "Atendimento",
      "list": [
        {
          "item": {
            "title": "Fale Conosco",
            "url": "/pages/contato"
          }
        },
        {
          "item": {
            "title": "Perguntas Frequentes",
            "url": "/pages/faq"
          }
        },
        {
          "item": {
            "title": "Política de Privacidade",
            "url": "/pages/privacidade"
          }
        },
        {
          "item": {
            "title": "Política de Entrega",
            "url": "/pages/entrega"
          }
        },
        {
          "item": {
            "title": "Política de Troca e Devolução",
            "url": "/pages/politica-de-troca-e-devolucao"
          }
        },
        {
          "item": {
            "title": "Política de Garantia",
            "url": "/pages/politica-de-garantia"
          }
        },
        {
          "item": {
            "title": "Termos e Condições",
            "url": "/pages/termos-e-condicoes"
          }
        },
        {
          "item": {
            "title": "Rastrear Pedido",
            "url": "https://rastreamento.correios.com.br/app/index.php"
          }
        },
        {
          "item": {
            "title": "Rastreio de Devolução",
            "url": "https://rastreamento.correios.com.br/app/index.php"
          }
        }
      ]
    },
    {
      "title": "Institucional",
      "list": [
        {
          "item": {
            "title": "A LES BAINS",
            "url": "/pages/sobre-nos"
          }
        },
        {
          "item": {
            "title": "Manifesto da Marca",
            "url": "/pages/manifesto"
          }
        }
      ]
    },
    {
      "title": "Produtos",
      "list": [
        {
          "item": {
            "title": "Novidades",
            "url": "/novidades"
          }
        },
        {
          "item": {
            "title": "Óculos de Sol",
            "url": "/oculos-de-sol"
          }
        },
        {
          "item": {
            "title": "Óculos de Grau",
            "url": "/oculos-de-grau"
          }
        },
        {
          "item": {
            "title": "Lentes de Grau",
            "url": "/lentes-de-grau"
          }
        }
      ]
    }
  ]
}