{
  "marketing_stripe": {
    "text": "GARANTIA DE 12 MESES",
    "link": "",
    "background": "#0a313f",
    "color": "#ffffff"
  },
  "contacts_stripe": {
    "pages": [],
    "phone_wpp": false,
    "socials": false
  },
  "categories_list": {
    "featured": [
      "/novidades?Novidades",
      "/oculos-de-sol?Óculos de Sol",
      "/oculos-de-grau?Óculos de Grau",
      "/lentes-de-grau?Lentes de Grau",
      "/personalize?Personalize"
    ],
    "random": 0,
    "full_width": false
  },
  "centralized_logo": false,
  "desktop_megamenu": false,
  "search_input": true,
  "alphabetical_order_submenu": true,
  "full_width_submenu": true
}