{
  "meta_title": "Les Bains Paris | Óculos de Sol The London Edition – Envio para Todo Brasil.",
  "meta_description": "Compre óculos de sol da marca francesa mais desejada. Envio rápido para todo Brasil. Coleções exclusivas de óculos de luxo com proteção UV 100%.",
  "sections": [
    {
      "slides": [
        {
          "description_color": "#ffffff",
          "animate": "backInDown",
          "start": "",
          "btn_text_2": "",
          "img": "/img/uploads/dia-dos-pais-01.jpg",
          "mobile_img": "/img/uploads/dia-dos-pais-01.jpg",
          "mask_opacity_m": 0,
          "btn_text_color_2": "#ffffff",
          "content_order": "inside_image",
          "link_url": "/dia-dos-pais",
          "btn_url": "",
          "content_position": "center_left",
          "mask_color": "#000000",
          "btn_text": "",
          "btn_background": "#000000",
          "link_text": "/dia-dos-pais",
          "btn_text_color": "#ffffff",
          "mask_opacity": 0,
          "title": "",
          "link": "/dia-dos-pais",
          "end": "",
          "title_color": "#ffffff",
          "description": "",
          "btn_url_2": ""
        }
      ],
      "autoplay": 9000,
      "margin_top": "0",
      "padding_top": "0",
      "padding_bottom_m": "0",
      "margin_bottom_m": "0",
      "margin_top_m": "0",
      "padding_top_m": "0",
      "padding_bottom": "0",
      "type": "apx_banner-slider",
      "margin_bottom": "0"
    },
    {
      "carrossel_sm": "Sim",
      "container": "container_90",
      "products": [
        "6752fea9a0c96d5393c38eff",
        "66b3916786679971c63a309c",
        "66b38f4186679971c63a2bff",
        "66950b3bc1f1c604b02086ca",
        "65b816362cd6b6595918eb5c",
        "65b815c12cd6b6595918e9eb"
      ],
      "margin_top": "0",
      "carrossel_dots_md": "Sim",
      "carrossel_arrows_md": "Sim",
      "padding_top": "0",
      "padding_bottom_m": "0",
      "carrossel_dots_sm": "Sim",
      "carrossel_arrows_sm": "Não",
      "padding_sm": "px-1",
      "bg_img": "/img/uploads/inverno.jpg",
      "margin_bottom_m": "0",
      "num_col_md": "3",
      "padding": "px-md-1",
      "num_col_sm": "1",
      "margin_top_m": "0",
      "padding_top_m": "0",
      "bg_img_mobile": "/img/uploads/inverno.jpg",
      "title": "Mais Vendidos",
      "padding_bottom": "0",
      "type": "apx_productList_A",
      "margin_bottom": "0",
      "description": "Venha conhecer nossos campeões de vendas!",
      "list": "description_last",
      "carrossel_md": "Sim"
    },
    {
      "type": "apx_banners-grid",
      "banners": [
        {
          "img": "/img/uploads/feminin-01.jpg",
          "mobile_img": "/img/uploads/image00051recorte-01.jpg",
          "mask_opacity_m": 0,
          "content_order": "inside_image",
          "link_url": "/oculos-de-sol/feminino",
          "content_position": "bottom_center",
          "mask_opacity": 3,
          "title": "",
          "link": "/oculos-de-sol/feminino"
        },
        {
          "img": "/img/uploads/masculin.png",
          "mobile_img": "/img/uploads/masculin.png",
          "mask_opacity_m": 0,
          "content_order": "inside_image",
          "link_url": "/oculos-de-sol/masculino",
          "content_position": "bottom_center",
          "mask_opacity": 0,
          "title": "",
          "link": "/oculos-de-sol/masculino",
          "title_color": "#ffffff"
        },
        {
          "img": "/img/uploads/tendencias-1-.png",
          "mobile_img": "/img/uploads/tendencias-1-.png",
          "mask_opacity_m": 0,
          "content_order": "inside_image",
          "link_url": "/novidades",
          "btn_url": "",
          "content_position": "bottom_center",
          "mask_opacity": 0,
          "title": "",
          "link": "/novidades",
          "description": ""
        }
      ],
      "container": "container-fluid",
      "padding": "px-1"
    },
    {
      "description_color": "#000000",
      "container": "container_90",
      "btn_text_2": "Ver Catálogo",
      "img": "/img/uploads/dia-dos-pais-04.jpg",
      "mobile_img": "/img/uploads/dia-dos-pais-05.jpg",
      "mask_opacity_m": 0,
      "content_order": "left_image",
      "padding_sm": "px-5",
      "link_url": "/colecao-couchervel",
      "btn_url": "/dia-dos-pais",
      "content_position": "bottom_left",
      "btn_text": "Compre",
      "padding": "px-5",
      "btn_background": "#000000",
      "link_text": "",
      "btn_text_color": "#ffffff",
      "mask_opacity": 0,
      "title": "Coleção dia dos pais",
      "type": "apx_responsive-banner",
      "link": "/dia-dos-pais",
      "title_color": "#000000",
      "description": "Mais do que um presente, um reencontro de histórias. A Coleção de Dia dos Pais Les Bains celebra os olhares que ensinaram a ver o mundo com verdade, com força, com cuidado, com estilo. São armações criadas para homenagear a presença que moldou caminhos e inspirou novas direções. Com linhas marcantes, acabamento preciso e a possibilidade de eternizar uma mensagem na haste, cada peça carrega a elegância de quem ensinou sem dizer, e amou sem precisar explicar. Nesta data, devolvemos em forma e intenção aquilo que um dia recebemos no gesto: olhar, afeto e memória. Porque agradecer também é um ato de estilo. ",
      "btn_url_2": "/dia-dos-pais"
    }
  ]
}